model,layer,probe,dataset_name,data_config,task,acc,class_accs,class_names
CLIP,layer_0,linear,RAVEN,center_single,Color,0.238,"[0.0, 1.0, 0.0, 0.0]","['Constant', 'Progression', 'Arithmetic', 'Distribute_Three']"
CLIP,layer_0,linear,RAVEN,center_single,Type,0.3355,"[0.0, 0.0, 1.0]","['Constant', 'Progression', 'Distribute_Three']"
CLIP,layer_0,linear,RAVEN,center_single,Size,0.243,"[0.0, 0.0, 1.0, 0.0]","['Constant', 'Progression', 'Arithmetic', 'Distribute_Three']"
CLIP,layer_0,linear,RAVEN,in_center_single_out_center_single,Size_1,0.229,"[0.0, 0.0, 1.0, 0.0]","['Constant', 'Progression', 'Arithmetic', 'Distribute_Three']"
CLIP,layer_0,linear,RAVEN,in_center_single_out_center_single,Type_1,0.343,"[1.0, 0.0, 0.0]","['Constant', 'Progression', 'Distribute_Three']"
CLIP,layer_0,linear,RAVEN,in_center_single_out_center_single,Type_0,0.3505,"[0.0, 0.0, 1.0]","['Constant', 'Progression', 'Distribute_Three']"
CLIP,layer_0,linear,RAVEN,in_center_single_out_center_single,Size_0,0.392,"[0.0, 0.0, 1.0]","['Constant', 'Progression', 'Distribute_Three']"
CLIP,layer_0,linear,RAVEN,in_center_single_out_center_single,Color_1,0.2625,"[0.0, 1.0, 0.0, 0.0]","['Constant', 'Progression', 'Arithmetic', 'Distribute_Three']"
CLIP,layer_0,linear,RAVEN,in_center_single_out_center_single,Color_0,1.0,[1.0],['Constant']
CLIP,layer_0,MLP,RAVEN,center_single,Color,0.2425,"[0.0, 0.0, 1.0, 0.0]","['Constant', 'Progression', 'Arithmetic', 'Distribute_Three']"
CLIP,layer_0,MLP,RAVEN,center_single,Type,0.3355,"[0.0, 0.0, 1.0]","['Constant', 'Progression', 'Distribute_Three']"
CLIP,layer_0,MLP,RAVEN,center_single,Size,0.253,"[1.0, 0.0, 0.0, 0.0]","['Constant', 'Progression', 'Arithmetic', 'Distribute_Three']"
CLIP,layer_0,MLP,RAVEN,in_center_single_out_center_single,Size_1,0.2665,"[0.0, 1.0, 0.0, 0.0]","['Constant', 'Progression', 'Arithmetic', 'Distribute_Three']"
CLIP,layer_0,MLP,RAVEN,in_center_single_out_center_single,Type_1,0.343,"[1.0, 0.0, 0.0]","['Constant', 'Progression', 'Distribute_Three']"
CLIP,layer_0,MLP,RAVEN,in_center_single_out_center_single,Type_0,0.3505,"[0.0, 0.0, 1.0]","['Constant', 'Progression', 'Distribute_Three']"
CLIP,layer_0,MLP,RAVEN,in_center_single_out_center_single,Size_0,0.392,"[0.0, 0.0, 1.0]","['Constant', 'Progression', 'Distribute_Three']"
CLIP,layer_0,MLP,RAVEN,in_center_single_out_center_single,Color_1,0.2435,"[0.0, 0.0, 1.0, 0.0]","['Constant', 'Progression', 'Arithmetic', 'Distribute_Three']"
CLIP,layer_0,MLP,RAVEN,in_center_single_out_center_single,Color_0,1.0,[1.0],['Constant']
CLIP,layer_10,linear,RAVEN,center_single,Color,0.671,"[0.7764, 0.7248, 0.7031, 0.4683]","['Constant', 'Progression', 'Arithmetic', 'Distribute_Three']"
CLIP,layer_10,linear,RAVEN,center_single,Type,0.7725,"[0.8571, 0.6484, 0.8092]","['Constant', 'Progression', 'Distribute_Three']"
CLIP,layer_10,linear,RAVEN,center_single,Size,0.5585,"[0.5178, 0.5096, 0.7449, 0.4671]","['Constant', 'Progression', 'Arithmetic', 'Distribute_Three']"
CLIP,layer_10,linear,RAVEN,in_center_single_out_center_single,Size_1,0.4195,"[0.1779, 0.4447, 0.7598, 0.3212]","['Constant', 'Progression', 'Arithmetic', 'Distribute_Three']"
CLIP,layer_10,linear,RAVEN,in_center_single_out_center_single,Type_1,0.5125,"[0.5714, 0.4094, 0.554]","['Constant', 'Progression', 'Distribute_Three']"
CLIP,layer_10,linear,RAVEN,in_center_single_out_center_single,Type_0,0.817,"[0.9467, 0.7156, 0.7946]","['Constant', 'Progression', 'Distribute_Three']"
CLIP,layer_10,linear,RAVEN,in_center_single_out_center_single,Size_0,0.484,"[0.4307, 0.0142, 0.7908]","['Constant', 'Progression', 'Distribute_Three']"
CLIP,layer_10,linear,RAVEN,in_center_single_out_center_single,Color_1,0.4815,"[0.4008, 0.5543, 0.6366, 0.3313]","['Constant', 'Progression', 'Arithmetic', 'Distribute_Three']"
CLIP,layer_10,linear,RAVEN,in_center_single_out_center_single,Color_0,1.0,[1.0],['Constant']
CLIP,layer_10,MLP,RAVEN,center_single,Color,0.7805,"[0.8145, 0.6555, 0.8351, 0.8098]","['Constant', 'Progression', 'Arithmetic', 'Distribute_Three']"
CLIP,layer_10,MLP,RAVEN,center_single,Type,0.922,"[0.9762, 0.9178, 0.8718]","['Constant', 'Progression', 'Distribute_Three']"
CLIP,layer_10,MLP,RAVEN,center_single,Size,0.674,"[0.5692, 0.8506, 0.8251, 0.4424]","['Constant', 'Progression', 'Arithmetic', 'Distribute_Three']"
CLIP,layer_10,MLP,RAVEN,in_center_single_out_center_single,Size_1,0.463,"[0.6339, 0.2777, 0.6288, 0.3462]","['Constant', 'Progression', 'Arithmetic', 'Distribute_Three']"
CLIP,layer_10,MLP,RAVEN,in_center_single_out_center_single,Type_1,0.6195,"[0.57, 0.7352, 0.5556]","['Constant', 'Progression', 'Distribute_Three']"
CLIP,layer_10,MLP,RAVEN,in_center_single_out_center_single,Type_0,0.9185,"[0.9734, 0.9168, 0.8702]","['Constant', 'Progression', 'Distribute_Three']"
CLIP,layer_10,MLP,RAVEN,in_center_single_out_center_single,Size_0,0.606,"[0.6927, 0.0521, 0.8163]","['Constant', 'Progression', 'Distribute_Three']"
CLIP,layer_10,MLP,RAVEN,in_center_single_out_center_single,Color_1,0.5125,"[0.4309, 0.3771, 0.8398, 0.4151]","['Constant', 'Progression', 'Arithmetic', 'Distribute_Three']"
CLIP,layer_10,MLP,RAVEN,in_center_single_out_center_single,Color_0,1.0,[1.0],['Constant']
CLIP,layer_8,linear,RAVEN,center_single,Color,0.665,"[0.7364, 0.7206, 0.6515, 0.544]","['Constant', 'Progression', 'Arithmetic', 'Distribute_Three']"
CLIP,layer_8,linear,RAVEN,center_single,Type,0.7135,"[0.8244, 0.4901, 0.8212]","['Constant', 'Progression', 'Distribute_Three']"
CLIP,layer_8,linear,RAVEN,center_single,Size,0.54,"[0.4901, 0.4598, 0.7387, 0.4794]","['Constant', 'Progression', 'Arithmetic', 'Distribute_Three']"
CLIP,layer_8,linear,RAVEN,in_center_single_out_center_single,Size_1,0.4015,"[0.1452, 0.3433, 0.7642, 0.3827]","['Constant', 'Progression', 'Arithmetic', 'Distribute_Three']"
CLIP,layer_8,linear,RAVEN,in_center_single_out_center_single,Type_1,0.479,"[0.5962, 0.4475, 0.3881]","['Constant', 'Progression', 'Distribute_Three']"
CLIP,layer_8,linear,RAVEN,in_center_single_out_center_single,Type_0,0.7715,"[0.9389, 0.6293, 0.7532]","['Constant', 'Progression', 'Distribute_Three']"
CLIP,layer_8,linear,RAVEN,in_center_single_out_center_single,Size_0,0.476,"[0.4295, 0.0, 0.7793]","['Constant', 'Progression', 'Distribute_Three']"
CLIP,layer_8,linear,RAVEN,in_center_single_out_center_single,Color_1,0.4615,"[0.3267, 0.539, 0.614, 0.364]","['Constant', 'Progression', 'Arithmetic', 'Distribute_Three']"
CLIP,layer_8,linear,RAVEN,in_center_single_out_center_single,Color_0,1.0,[1.0],['Constant']
CLIP,layer_8,MLP,RAVEN,center_single,Color,0.762,"[0.7236, 0.6239, 0.8021, 0.8998]","['Constant', 'Progression', 'Arithmetic', 'Distribute_Three']"
CLIP,layer_8,MLP,RAVEN,center_single,Type,0.8955,"[0.939, 0.9269, 0.8212]","['Constant', 'Progression', 'Distribute_Three']"
CLIP,layer_8,MLP,RAVEN,center_single,Size,0.6865,"[0.6601, 0.8142, 0.8519, 0.4115]","['Constant', 'Progression', 'Arithmetic', 'Distribute_Three']"
CLIP,layer_8,MLP,RAVEN,in_center_single_out_center_single,Size_1,0.4675,"[0.3804, 0.5403, 0.7118, 0.2596]","['Constant', 'Progression', 'Arithmetic', 'Distribute_Three']"
CLIP,layer_8,MLP,RAVEN,in_center_single_out_center_single,Type_1,0.548,"[0.6647, 0.4155, 0.5586]","['Constant', 'Progression', 'Distribute_Three']"
CLIP,layer_8,MLP,RAVEN,in_center_single_out_center_single,Type_0,0.9135,"[0.9624, 0.8941, 0.8873]","['Constant', 'Progression', 'Distribute_Three']"
CLIP,layer_8,MLP,RAVEN,in_center_single_out_center_single,Size_0,0.569,"[0.602, 0.2512, 0.7066]","['Constant', 'Progression', 'Distribute_Three']"
CLIP,layer_8,MLP,RAVEN,in_center_single_out_center_single,Color_1,0.5265,"[0.4589, 0.379, 0.8172, 0.4642]","['Constant', 'Progression', 'Arithmetic', 'Distribute_Three']"
CLIP,layer_8,MLP,RAVEN,in_center_single_out_center_single,Color_0,1.0,[1.0],['Constant']
CLIP,layer_6,linear,RAVEN,center_single,Color,0.6005,"[0.6636, 0.6723, 0.6165, 0.4438]","['Constant', 'Progression', 'Arithmetic', 'Distribute_Three']"
CLIP,layer_6,linear,RAVEN,center_single,Type,0.629,"[0.6682, 0.4612, 0.7541]","['Constant', 'Progression', 'Distribute_Three']"
CLIP,layer_6,linear,RAVEN,center_single,Size,0.5485,"[0.5138, 0.5211, 0.6955, 0.4671]","['Constant', 'Progression', 'Arithmetic', 'Distribute_Three']"
CLIP,layer_6,linear,RAVEN,in_center_single_out_center_single,Size_1,0.4135,"[0.1391, 0.4709, 0.7489, 0.3173]","['Constant', 'Progression', 'Arithmetic', 'Distribute_Three']"
CLIP,layer_6,linear,RAVEN,in_center_single_out_center_single,Type_1,0.4555,"[0.6122, 0.4247, 0.3227]","['Constant', 'Progression', 'Distribute_Three']"
CLIP,layer_6,linear,RAVEN,in_center_single_out_center_single,Type_0,0.7215,"[0.848, 0.6172, 0.7047]","['Constant', 'Progression', 'Distribute_Three']"
CLIP,layer_6,linear,RAVEN,in_center_single_out_center_single,Size_0,0.4455,"[0.3703, 0.0, 0.7615]","['Constant', 'Progression', 'Distribute_Three']"
CLIP,layer_6,linear,RAVEN,in_center_single_out_center_single,Color_1,0.4325,"[0.2946, 0.5257, 0.5667, 0.3395]","['Constant', 'Progression', 'Arithmetic', 'Distribute_Three']"
CLIP,layer_6,linear,RAVEN,in_center_single_out_center_single,Color_0,1.0,[1.0],['Constant']
CLIP,layer_6,MLP,RAVEN,center_single,Color,0.723,"[0.6891, 0.5021, 0.7753, 0.9243]","['Constant', 'Progression', 'Arithmetic', 'Distribute_Three']"
CLIP,layer_6,MLP,RAVEN,center_single,Type,0.8125,"[0.8542, 0.9285, 0.6572]","['Constant', 'Progression', 'Distribute_Three']"
CLIP,layer_6,MLP,RAVEN,center_single,Size,0.687,"[0.7945, 0.6571, 0.7819, 0.5123]","['Constant', 'Progression', 'Arithmetic', 'Distribute_Three']"
CLIP,layer_6,MLP,RAVEN,in_center_single_out_center_single,Size_1,0.489,"[0.3783, 0.4841, 0.7751, 0.3462]","['Constant', 'Progression', 'Arithmetic', 'Distribute_Three']"
CLIP,layer_6,MLP,RAVEN,in_center_single_out_center_single,Type_1,0.5235,"[0.6356, 0.4749, 0.4551]","['Constant', 'Progression', 'Distribute_Three']"
CLIP,layer_6,MLP,RAVEN,in_center_single_out_center_single,Type_0,0.838,"[0.8558, 0.9123, 0.7518]","['Constant', 'Progression', 'Distribute_Three']"
CLIP,layer_6,MLP,RAVEN,in_center_single_out_center_single,Size_0,0.638,"[0.7343, 0.59, 0.5663]","['Constant', 'Progression', 'Distribute_Three']"
CLIP,layer_6,MLP,RAVEN,in_center_single_out_center_single,Color_1,0.541,"[0.4709, 0.4095, 0.8111, 0.4847]","['Constant', 'Progression', 'Arithmetic', 'Distribute_Three']"
CLIP,layer_6,MLP,RAVEN,in_center_single_out_center_single,Color_0,1.0,[1.0],['Constant']
CLIP,layer_4,linear,RAVEN,center_single,Color,0.4165,"[0.3455, 0.6345, 0.3526, 0.3476]","['Constant', 'Progression', 'Arithmetic', 'Distribute_Three']"
CLIP,layer_4,linear,RAVEN,center_single,Type,0.4145,"[0.1488, 0.2679, 0.8241]","['Constant', 'Progression', 'Distribute_Three']"
CLIP,layer_4,linear,RAVEN,center_single,Size,0.4715,"[0.1818, 0.4904, 0.7346, 0.4897]","['Constant', 'Progression', 'Arithmetic', 'Distribute_Three']"
CLIP,layer_4,linear,RAVEN,in_center_single_out_center_single,Size_1,0.3675,"[0.0, 0.531, 0.7817, 0.1808]","['Constant', 'Progression', 'Arithmetic', 'Distribute_Three']"
CLIP,layer_4,linear,RAVEN,in_center_single_out_center_single,Type_1,0.35,"[0.8513, 0.1492, 0.0274]","['Constant', 'Progression', 'Distribute_Three']"
CLIP,layer_4,linear,RAVEN,in_center_single_out_center_single,Type_0,0.48,"[0.4138, 0.5295, 0.4936]","['Constant', 'Progression', 'Distribute_Three']"
CLIP,layer_4,linear,RAVEN,in_center_single_out_center_single,Size_0,0.4305,"[0.2204, 0.0, 0.875]","['Constant', 'Progression', 'Distribute_Three']"
CLIP,layer_4,linear,RAVEN,in_center_single_out_center_single,Color_1,0.36,"[0.0561, 0.4571, 0.499, 0.4274]","['Constant', 'Progression', 'Arithmetic', 'Distribute_Three']"
CLIP,layer_4,linear,RAVEN,in_center_single_out_center_single,Color_0,1.0,[1.0],['Constant']
CLIP,layer_4,MLP,RAVEN,center_single,Color,0.5045,"[0.3436, 0.3361, 0.8722, 0.4847]","['Constant', 'Progression', 'Arithmetic', 'Distribute_Three']"
CLIP,layer_4,MLP,RAVEN,center_single,Type,0.539,"[0.3839, 0.7915, 0.4471]","['Constant', 'Progression', 'Distribute_Three']"
CLIP,layer_4,MLP,RAVEN,center_single,Size,0.6035,"[0.5731, 0.6398, 0.7449, 0.4547]","['Constant', 'Progression', 'Arithmetic', 'Distribute_Three']"
CLIP,layer_4,MLP,RAVEN,in_center_single_out_center_single,Size_1,0.393,"[0.0, 0.6023, 0.7227, 0.2577]","['Constant', 'Progression', 'Arithmetic', 'Distribute_Three']"
CLIP,layer_4,MLP,RAVEN,in_center_single_out_center_single,Type_1,0.3235,"[0.3601, 0.2085, 0.4003]","['Constant', 'Progression', 'Distribute_Three']"
CLIP,layer_4,MLP,RAVEN,in_center_single_out_center_single,Type_0,0.6065,"[0.4984, 0.8381, 0.4864]","['Constant', 'Progression', 'Distribute_Three']"
CLIP,layer_4,MLP,RAVEN,in_center_single_out_center_single,Size_0,0.51,"[0.5705, 0.4289, 0.4923]","['Constant', 'Progression', 'Distribute_Three']"
CLIP,layer_4,MLP,RAVEN,in_center_single_out_center_single,Color_1,0.402,"[0.0922, 0.459, 0.8604, 0.2004]","['Constant', 'Progression', 'Arithmetic', 'Distribute_Three']"
CLIP,layer_4,MLP,RAVEN,in_center_single_out_center_single,Color_0,1.0,[1.0],['Constant']
CLIP,layer_12,linear,RAVEN,center_single,Color,0.6695,"[0.7891, 0.7269, 0.6412, 0.5072]","['Constant', 'Progression', 'Arithmetic', 'Distribute_Three']"
CLIP,layer_12,linear,RAVEN,center_single,Type,0.805,"[0.8527, 0.7428, 0.8182]","['Constant', 'Progression', 'Distribute_Three']"
CLIP,layer_12,linear,RAVEN,center_single,Size,0.562,"[0.5652, 0.5038, 0.7757, 0.4074]","['Constant', 'Progression', 'Arithmetic', 'Distribute_Three']"
CLIP,layer_12,linear,RAVEN,in_center_single_out_center_single,Size_1,0.427,"[0.1595, 0.4953, 0.7511, 0.3231]","['Constant', 'Progression', 'Arithmetic', 'Distribute_Three']"
CLIP,layer_12,linear,RAVEN,in_center_single_out_center_single,Type_1,0.5535,"[0.602, 0.4566, 0.5997]","['Constant', 'Progression', 'Distribute_Three']"
CLIP,layer_12,linear,RAVEN,in_center_single_out_center_single,Type_0,0.833,"[0.9326, 0.7549, 0.816]","['Constant', 'Progression', 'Distribute_Three']"
CLIP,layer_12,linear,RAVEN,in_center_single_out_center_single,Size_0,0.497,"[0.5756, 0.0071, 0.6811]","['Constant', 'Progression', 'Distribute_Three']"
CLIP,layer_12,linear,RAVEN,in_center_single_out_center_single,Color_1,0.4675,"[0.3467, 0.6248, 0.5873, 0.3027]","['Constant', 'Progression', 'Arithmetic', 'Distribute_Three']"
CLIP,layer_12,linear,RAVEN,in_center_single_out_center_single,Color_0,1.0,[1.0],['Constant']
CLIP,layer_12,MLP,RAVEN,center_single,Color,0.744,"[0.7909, 0.563, 0.7464, 0.865]","['Constant', 'Progression', 'Arithmetic', 'Distribute_Three']"
CLIP,layer_12,MLP,RAVEN,center_single,Type,0.927,"[0.9628, 0.8889, 0.9285]","['Constant', 'Progression', 'Distribute_Three']"
CLIP,layer_12,MLP,RAVEN,center_single,Size,0.623,"[0.5632, 0.7816, 0.679, 0.4588]","['Constant', 'Progression', 'Arithmetic', 'Distribute_Three']"
CLIP,layer_12,MLP,RAVEN,in_center_single_out_center_single,Size_1,0.452,"[0.4826, 0.3152, 0.7031, 0.3423]","['Constant', 'Progression', 'Arithmetic', 'Distribute_Three']"
CLIP,layer_12,MLP,RAVEN,in_center_single_out_center_single,Type_1,0.6495,"[0.6808, 0.7763, 0.4901]","['Constant', 'Progression', 'Distribute_Three']"
CLIP,layer_12,MLP,RAVEN,in_center_single_out_center_single,Type_0,0.8995,"[0.9091, 0.944, 0.8488]","['Constant', 'Progression', 'Distribute_Three']"
CLIP,layer_12,MLP,RAVEN,in_center_single_out_center_single,Size_0,0.5605,"[0.6096, 0.0592, 0.7806]","['Constant', 'Progression', 'Distribute_Three']"
CLIP,layer_12,MLP,RAVEN,in_center_single_out_center_single,Color_1,0.504,"[0.4589, 0.3943, 0.731, 0.4417]","['Constant', 'Progression', 'Arithmetic', 'Distribute_Three']"
CLIP,layer_12,MLP,RAVEN,in_center_single_out_center_single,Color_0,1.0,[1.0],['Constant']
CLIP,layer_2,linear,RAVEN,center_single,Color,0.3285,"[0.2364, 0.7206, 0.2082, 0.1697]","['Constant', 'Progression', 'Arithmetic', 'Distribute_Three']"
CLIP,layer_2,linear,RAVEN,center_single,Type,0.338,"[0.0, 0.0198, 0.9881]","['Constant', 'Progression', 'Distribute_Three']"
CLIP,layer_2,linear,RAVEN,center_single,Size,0.3975,"[0.0395, 0.5077, 0.5247, 0.5247]","['Constant', 'Progression', 'Arithmetic', 'Distribute_Three']"
CLIP,layer_2,linear,RAVEN,in_center_single_out_center_single,Size_1,0.3805,"[0.0, 0.7223, 0.679, 0.125]","['Constant', 'Progression', 'Arithmetic', 'Distribute_Three']"
CLIP,layer_2,linear,RAVEN,in_center_single_out_center_single,Type_1,0.342,"[0.9577, 0.0411, 0.0]","['Constant', 'Progression', 'Distribute_Three']"
CLIP,layer_2,linear,RAVEN,in_center_single_out_center_single,Type_0,0.433,"[0.1395, 0.5673, 0.5735]","['Constant', 'Progression', 'Distribute_Three']"
CLIP,layer_2,linear,RAVEN,in_center_single_out_center_single,Size_0,0.3975,"[0.1662, 0.0, 0.8457]","['Constant', 'Progression', 'Distribute_Three']"
CLIP,layer_2,linear,RAVEN,in_center_single_out_center_single,Color_1,0.306,"[0.0501, 0.4629, 0.3326, 0.3722]","['Constant', 'Progression', 'Arithmetic', 'Distribute_Three']"
CLIP,layer_2,linear,RAVEN,in_center_single_out_center_single,Color_0,1.0,[1.0],['Constant']
CLIP,layer_2,MLP,RAVEN,center_single,Color,0.392,"[0.1418, 0.5903, 0.7649, 0.1104]","['Constant', 'Progression', 'Arithmetic', 'Distribute_Three']"
CLIP,layer_2,MLP,RAVEN,center_single,Type,0.412,"[0.2009, 0.5342, 0.5037]","['Constant', 'Progression', 'Distribute_Three']"
CLIP,layer_2,MLP,RAVEN,center_single,Size,0.455,"[0.1621, 0.7854, 0.784, 0.0761]","['Constant', 'Progression', 'Arithmetic', 'Distribute_Three']"
CLIP,layer_2,MLP,RAVEN,in_center_single_out_center_single,Size_1,0.369,"[0.0, 0.7411, 0.5611, 0.1654]","['Constant', 'Progression', 'Arithmetic', 'Distribute_Three']"
CLIP,layer_2,MLP,RAVEN,in_center_single_out_center_single,Type_1,0.343,"[1.0, 0.0, 0.0]","['Constant', 'Progression', 'Distribute_Three']"
CLIP,layer_2,MLP,RAVEN,in_center_single_out_center_single,Type_0,0.458,"[0.0, 0.6657, 0.679]","['Constant', 'Progression', 'Distribute_Three']"
CLIP,layer_2,MLP,RAVEN,in_center_single_out_center_single,Size_0,0.4655,"[0.3325, 0.6114, 0.5217]","['Constant', 'Progression', 'Distribute_Three']"
CLIP,layer_2,MLP,RAVEN,in_center_single_out_center_single,Color_1,0.2435,"[0.0, 0.0, 1.0, 0.0]","['Constant', 'Progression', 'Arithmetic', 'Distribute_Three']"
CLIP,layer_2,MLP,RAVEN,in_center_single_out_center_single,Color_0,1.0,[1.0],['Constant']
DINOv3,layer_0,linear,RAVEN,center_single,Color,0.2445,"[0.0, 0.0, 0.0, 1.0]","['Constant', 'Progression', 'Arithmetic', 'Distribute_Three']"
DINOv3,layer_0,linear,RAVEN,center_single,Type,0.336,"[1.0, 0.0, 0.0]","['Constant', 'Progression', 'Distribute_Three']"
DINOv3,layer_0,linear,RAVEN,center_single,Size,0.243,"[0.0, 0.0, 1.0, 0.0]","['Constant', 'Progression', 'Arithmetic', 'Distribute_Three']"
DINOv3,layer_0,linear,RAVEN,in_center_single_out_center_single,Size_1,0.2665,"[0.0, 1.0, 0.0, 0.0]","['Constant', 'Progression', 'Arithmetic', 'Distribute_Three']"
DINOv3,layer_0,linear,RAVEN,in_center_single_out_center_single,Type_1,0.343,"[1.0, 0.0, 0.0]","['Constant', 'Progression', 'Distribute_Three']"
DINOv3,layer_0,linear,RAVEN,in_center_single_out_center_single,Type_0,0.3505,"[0.0, 0.0, 1.0]","['Constant', 'Progression', 'Distribute_Three']"
DINOv3,layer_0,linear,RAVEN,in_center_single_out_center_single,Size_0,0.392,"[0.0, 0.0, 1.0]","['Constant', 'Progression', 'Distribute_Three']"
DINOv3,layer_0,linear,RAVEN,in_center_single_out_center_single,Color_1,0.2435,"[0.0, 0.0, 1.0, 0.0]","['Constant', 'Progression', 'Arithmetic', 'Distribute_Three']"
DINOv3,layer_0,linear,RAVEN,in_center_single_out_center_single,Color_0,1.0,[1.0],['Constant']
DINOv3,layer_0,MLP,RAVEN,center_single,Color,0.2425,"[0.0, 0.0, 1.0, 0.0]","['Constant', 'Progression', 'Arithmetic', 'Distribute_Three']"
DINOv3,layer_0,MLP,RAVEN,center_single,Type,0.3355,"[0.0, 0.0, 1.0]","['Constant', 'Progression', 'Distribute_Three']"
DINOv3,layer_0,MLP,RAVEN,center_single,Size,0.253,"[1.0, 0.0, 0.0, 0.0]","['Constant', 'Progression', 'Arithmetic', 'Distribute_Three']"
DINOv3,layer_0,MLP,RAVEN,in_center_single_out_center_single,Size_1,0.2665,"[0.0, 1.0, 0.0, 0.0]","['Constant', 'Progression', 'Arithmetic', 'Distribute_Three']"
DINOv3,layer_0,MLP,RAVEN,in_center_single_out_center_single,Type_1,0.343,"[1.0, 0.0, 0.0]","['Constant', 'Progression', 'Distribute_Three']"
DINOv3,layer_0,MLP,RAVEN,in_center_single_out_center_single,Type_0,0.3505,"[0.0, 0.0, 1.0]","['Constant', 'Progression', 'Distribute_Three']"
DINOv3,layer_0,MLP,RAVEN,in_center_single_out_center_single,Size_0,0.392,"[0.0, 0.0, 1.0]","['Constant', 'Progression', 'Distribute_Three']"
DINOv3,layer_0,MLP,RAVEN,in_center_single_out_center_single,Color_1,0.2435,"[0.0, 0.0, 1.0, 0.0]","['Constant', 'Progression', 'Arithmetic', 'Distribute_Three']"
DINOv3,layer_0,MLP,RAVEN,in_center_single_out_center_single,Color_0,1.0,[1.0],['Constant']
DINOv3,layer_10,linear,RAVEN,center_single,Color,0.675,"[0.8418, 0.3613, 0.7938, 0.6748]","['Constant', 'Progression', 'Arithmetic', 'Distribute_Three']"
DINOv3,layer_10,linear,RAVEN,center_single,Type,0.833,"[0.9182, 0.7002, 0.8778]","['Constant', 'Progression', 'Distribute_Three']"
DINOv3,layer_10,linear,RAVEN,center_single,Size,0.5145,"[0.2747, 0.5996, 0.6481, 0.5391]","['Constant', 'Progression', 'Arithmetic', 'Distribute_Three']"
DINOv3,layer_10,linear,RAVEN,in_center_single_out_center_single,Size_1,0.4505,"[0.5746, 0.5666, 0.5459, 0.1308]","['Constant', 'Progression', 'Arithmetic', 'Distribute_Three']"
DINOv3,layer_10,linear,RAVEN,in_center_single_out_center_single,Type_1,0.614,"[0.5321, 0.5266, 0.7869]","['Constant', 'Progression', 'Distribute_Three']"
DINOv3,layer_10,linear,RAVEN,in_center_single_out_center_single,Type_0,0.795,"[0.826, 0.7504, 0.8088]","['Constant', 'Progression', 'Distribute_Three']"
DINOv3,layer_10,linear,RAVEN,in_center_single_out_center_single,Size_0,0.5025,"[0.6436, 0.1161, 0.5676]","['Constant', 'Progression', 'Distribute_Three']"
DINOv3,layer_10,linear,RAVEN,in_center_single_out_center_single,Color_1,0.4925,"[0.6232, 0.5067, 0.4333, 0.4029]","['Constant', 'Progression', 'Arithmetic', 'Distribute_Three']"
DINOv3,layer_10,linear,RAVEN,in_center_single_out_center_single,Color_0,1.0,[1.0],['Constant']
DINOv3,layer_10,MLP,RAVEN,center_single,Color,0.708,"[0.9691, 0.5672, 0.6371, 0.6217]","['Constant', 'Progression', 'Arithmetic', 'Distribute_Three']"
DINOv3,layer_10,MLP,RAVEN,center_single,Type,0.8935,"[0.9405, 0.8113, 0.927]","['Constant', 'Progression', 'Distribute_Three']"
DINOv3,layer_10,MLP,RAVEN,center_single,Size,0.524,"[0.7826, 0.2222, 0.5885, 0.5144]","['Constant', 'Progression', 'Arithmetic', 'Distribute_Three']"
DINOv3,layer_10,MLP,RAVEN,in_center_single_out_center_single,Size_1,0.3985,"[0.7505, 0.4578, 0.3777, 0.025]","['Constant', 'Progression', 'Arithmetic', 'Distribute_Three']"
DINOv3,layer_10,MLP,RAVEN,in_center_single_out_center_single,Type_1,0.611,"[0.7449, 0.7793, 0.3029]","['Constant', 'Progression', 'Distribute_Three']"
DINOv3,layer_10,MLP,RAVEN,in_center_single_out_center_single,Type_0,0.796,"[0.7273, 0.7368, 0.9144]","['Constant', 'Progression', 'Distribute_Three']"
DINOv3,layer_10,MLP,RAVEN,in_center_single_out_center_single,Size_0,0.468,"[0.4307, 0.0, 0.7577]","['Constant', 'Progression', 'Distribute_Three']"
DINOv3,layer_10,MLP,RAVEN,in_center_single_out_center_single,Color_1,0.492,"[0.3747, 0.6762, 0.6222, 0.2843]","['Constant', 'Progression', 'Arithmetic', 'Distribute_Three']"
DINOv3,layer_10,MLP,RAVEN,in_center_single_out_center_single,Color_0,1.0,[1.0],['Constant']
DINOv3,layer_8,linear,RAVEN,center_single,Color,0.616,"[0.7582, 0.3025, 0.6165, 0.7607]","['Constant', 'Progression', 'Arithmetic', 'Distribute_Three']"
DINOv3,layer_8,linear,RAVEN,center_single,Type,0.682,"[0.8065, 0.7275, 0.5127]","['Constant', 'Progression', 'Distribute_Three']"
DINOv3,layer_8,linear,RAVEN,center_single,Size,0.465,"[0.5375, 0.4023, 0.7325, 0.1893]","['Constant', 'Progression', 'Arithmetic', 'Distribute_Three']"
DINOv3,layer_8,linear,RAVEN,in_center_single_out_center_single,Size_1,0.4105,"[0.5521, 0.1463, 0.5786, 0.4]","['Constant', 'Progression', 'Arithmetic', 'Distribute_Three']"
DINOv3,layer_8,linear,RAVEN,in_center_single_out_center_single,Type_1,0.505,"[0.4125, 0.7245, 0.382]","['Constant', 'Progression', 'Distribute_Three']"
DINOv3,layer_8,linear,RAVEN,in_center_single_out_center_single,Type_0,0.632,"[0.6364, 0.7474, 0.5193]","['Constant', 'Progression', 'Distribute_Three']"
DINOv3,layer_8,linear,RAVEN,in_center_single_out_center_single,Size_0,0.4205,"[0.3275, 0.5213, 0.4605]","['Constant', 'Progression', 'Distribute_Three']"
DINOv3,layer_8,linear,RAVEN,in_center_single_out_center_single,Color_1,0.458,"[0.5391, 0.6457, 0.384, 0.2474]","['Constant', 'Progression', 'Arithmetic', 'Distribute_Three']"
DINOv3,layer_8,linear,RAVEN,in_center_single_out_center_single,Color_0,1.0,[1.0],['Constant']
DINOv3,layer_8,MLP,RAVEN,center_single,Color,0.6715,"[0.9836, 0.6324, 0.4928, 0.5358]","['Constant', 'Progression', 'Arithmetic', 'Distribute_Three']"
DINOv3,layer_8,MLP,RAVEN,center_single,Type,0.7695,"[0.881, 0.6804, 0.7452]","['Constant', 'Progression', 'Distribute_Three']"
DINOv3,layer_8,MLP,RAVEN,center_single,Size,0.453,"[0.5988, 0.1858, 0.6728, 0.3683]","['Constant', 'Progression', 'Arithmetic', 'Distribute_Three']"
DINOv3,layer_8,MLP,RAVEN,in_center_single_out_center_single,Size_1,0.352,"[0.8221, 0.1069, 0.4432, 0.0808]","['Constant', 'Progression', 'Arithmetic', 'Distribute_Three']"
DINOv3,layer_8,MLP,RAVEN,in_center_single_out_center_single,Type_1,0.504,"[0.4679, 0.758, 0.2877]","['Constant', 'Progression', 'Distribute_Three']"
DINOv3,layer_8,MLP,RAVEN,in_center_single_out_center_single,Type_0,0.584,"[0.7053, 0.9561, 0.1227]","['Constant', 'Progression', 'Distribute_Three']"
DINOv3,layer_8,MLP,RAVEN,in_center_single_out_center_single,Size_0,0.4385,"[0.4534, 0.0, 0.6594]","['Constant', 'Progression', 'Distribute_Three']"
DINOv3,layer_8,MLP,RAVEN,in_center_single_out_center_single,Color_1,0.484,"[0.3908, 0.6419, 0.6057, 0.2883]","['Constant', 'Progression', 'Arithmetic', 'Distribute_Three']"
DINOv3,layer_8,MLP,RAVEN,in_center_single_out_center_single,Color_0,1.0,[1.0],['Constant']
DINOv3,layer_6,linear,RAVEN,center_single,Color,0.575,"[0.7255, 0.4265, 0.6371, 0.4888]","['Constant', 'Progression', 'Arithmetic', 'Distribute_Three']"
DINOv3,layer_6,linear,RAVEN,center_single,Type,0.536,"[0.6101, 0.5708, 0.4277]","['Constant', 'Progression', 'Distribute_Three']"
DINOv3,layer_6,linear,RAVEN,center_single,Size,0.444,"[0.4249, 0.5709, 0.5597, 0.2119]","['Constant', 'Progression', 'Arithmetic', 'Distribute_Three']"
DINOv3,layer_6,linear,RAVEN,in_center_single_out_center_single,Size_1,0.4015,"[0.3538, 0.5572, 0.4956, 0.2038]","['Constant', 'Progression', 'Arithmetic', 'Distribute_Three']"
DINOv3,layer_6,linear,RAVEN,in_center_single_out_center_single,Type_1,0.4335,"[0.5918, 0.4079, 0.2938]","['Constant', 'Progression', 'Distribute_Three']"
DINOv3,layer_6,linear,RAVEN,in_center_single_out_center_single,Type_0,0.514,"[0.7179, 0.5371, 0.3067]","['Constant', 'Progression', 'Distribute_Three']"
DINOv3,layer_6,linear,RAVEN,in_center_single_out_center_single,Size_0,0.419,"[0.8741, 0.0, 0.1837]","['Constant', 'Progression', 'Distribute_Three']"
DINOv3,layer_6,linear,RAVEN,in_center_single_out_center_single,Color_1,0.4235,"[0.497, 0.5352, 0.3388, 0.3129]","['Constant', 'Progression', 'Arithmetic', 'Distribute_Three']"
DINOv3,layer_6,linear,RAVEN,in_center_single_out_center_single,Color_0,1.0,[1.0],['Constant']
DINOv3,layer_6,MLP,RAVEN,center_single,Color,0.668,"[0.8873, 0.5357, 0.5402, 0.6769]","['Constant', 'Progression', 'Arithmetic', 'Distribute_Three']"
DINOv3,layer_6,MLP,RAVEN,center_single,Type,0.651,"[0.7723, 0.6743, 0.5067]","['Constant', 'Progression', 'Distribute_Three']"
DINOv3,layer_6,MLP,RAVEN,center_single,Size,0.4815,"[0.6225, 0.3678, 0.5988, 0.3395]","['Constant', 'Progression', 'Arithmetic', 'Distribute_Three']"
DINOv3,layer_6,MLP,RAVEN,in_center_single_out_center_single,Size_1,0.345,"[0.816, 0.3227, 0.2314, 0.025]","['Constant', 'Progression', 'Arithmetic', 'Distribute_Three']"
DINOv3,layer_6,MLP,RAVEN,in_center_single_out_center_single,Type_1,0.4525,"[0.5364, 0.6712, 0.1461]","['Constant', 'Progression', 'Distribute_Three']"
DINOv3,layer_6,MLP,RAVEN,in_center_single_out_center_single,Type_0,0.578,"[0.8088, 0.3949, 0.5407]","['Constant', 'Progression', 'Distribute_Three']"
DINOv3,layer_6,MLP,RAVEN,in_center_single_out_center_single,Size_0,0.464,"[0.4924, 0.0, 0.6849]","['Constant', 'Progression', 'Distribute_Three']"
DINOv3,layer_6,MLP,RAVEN,in_center_single_out_center_single,Color_1,0.471,"[0.4429, 0.461, 0.5996, 0.3824]","['Constant', 'Progression', 'Arithmetic', 'Distribute_Three']"
DINOv3,layer_6,MLP,RAVEN,in_center_single_out_center_single,Color_0,1.0,[1.0],['Constant']
DINOv3,layer_4,linear,RAVEN,center_single,Color,0.4635,"[0.5109, 0.437, 0.534, 0.3661]","['Constant', 'Progression', 'Arithmetic', 'Distribute_Three']"
DINOv3,layer_4,linear,RAVEN,center_single,Type,0.4,"[0.567, 0.5951, 0.0417]","['Constant', 'Progression', 'Distribute_Three']"
DINOv3,layer_4,linear,RAVEN,center_single,Size,0.388,"[0.2708, 0.5364, 0.5288, 0.2099]","['Constant', 'Progression', 'Arithmetic', 'Distribute_Three']"
DINOv3,layer_4,linear,RAVEN,in_center_single_out_center_single,Size_1,0.3085,"[0.0368, 0.2458, 0.1943, 0.7288]","['Constant', 'Progression', 'Arithmetic', 'Distribute_Three']"
DINOv3,layer_4,linear,RAVEN,in_center_single_out_center_single,Type_1,0.38,"[0.5991, 0.3942, 0.137]","['Constant', 'Progression', 'Distribute_Three']"
DINOv3,layer_4,linear,RAVEN,in_center_single_out_center_single,Type_0,0.4205,"[0.3433, 0.3056, 0.5991]","['Constant', 'Progression', 'Distribute_Three']"
DINOv3,layer_4,linear,RAVEN,in_center_single_out_center_single,Size_0,0.4075,"[0.8652, 0.0, 0.1633]","['Constant', 'Progression', 'Distribute_Three']"
DINOv3,layer_4,linear,RAVEN,in_center_single_out_center_single,Color_1,0.3725,"[0.4168, 0.4362, 0.4559, 0.1759]","['Constant', 'Progression', 'Arithmetic', 'Distribute_Three']"
DINOv3,layer_4,linear,RAVEN,in_center_single_out_center_single,Color_0,1.0,[1.0],['Constant']
DINOv3,layer_4,MLP,RAVEN,center_single,Color,0.532,"[0.7727, 0.5714, 0.3691, 0.3845]","['Constant', 'Progression', 'Arithmetic', 'Distribute_Three']"
DINOv3,layer_4,MLP,RAVEN,center_single,Type,0.4245,"[0.3229, 0.3181, 0.6304]","['Constant', 'Progression', 'Distribute_Three']"
DINOv3,layer_4,MLP,RAVEN,center_single,Size,0.3855,"[0.1225, 0.249, 0.4979, 0.6934]","['Constant', 'Progression', 'Arithmetic', 'Distribute_Three']"
DINOv3,layer_4,MLP,RAVEN,in_center_single_out_center_single,Size_1,0.3025,"[0.3661, 0.0019, 0.4083, 0.4577]","['Constant', 'Progression', 'Arithmetic', 'Distribute_Three']"
DINOv3,layer_4,MLP,RAVEN,in_center_single_out_center_single,Type_1,0.39,"[0.4388, 0.6073, 0.1218]","['Constant', 'Progression', 'Distribute_Three']"
DINOv3,layer_4,MLP,RAVEN,in_center_single_out_center_single,Type_0,0.401,"[0.0, 0.4826, 0.689]","['Constant', 'Progression', 'Distribute_Three']"
DINOv3,layer_4,MLP,RAVEN,in_center_single_out_center_single,Size_0,0.3995,"[0.272, 0.0, 0.7436]","['Constant', 'Progression', 'Distribute_Three']"
DINOv3,layer_4,MLP,RAVEN,in_center_single_out_center_single,Color_1,0.3835,"[0.5451, 0.5238, 0.3799, 0.0716]","['Constant', 'Progression', 'Arithmetic', 'Distribute_Three']"
DINOv3,layer_4,MLP,RAVEN,in_center_single_out_center_single,Color_0,1.0,[1.0],['Constant']
DINOv3,layer_12,linear,RAVEN,center_single,Color,0.752,"[0.9291, 0.521, 0.7711, 0.7587]","['Constant', 'Progression', 'Arithmetic', 'Distribute_Three']"
DINOv3,layer_12,linear,RAVEN,center_single,Type,0.9105,"[0.9226, 0.8874, 0.921]","['Constant', 'Progression', 'Distribute_Three']"
DINOv3,layer_12,linear,RAVEN,center_single,Size,0.605,"[0.6206, 0.3621, 0.8745, 0.5802]","['Constant', 'Progression', 'Arithmetic', 'Distribute_Three']"
DINOv3,layer_12,linear,RAVEN,in_center_single_out_center_single,Size_1,0.478,"[0.5767, 0.4278, 0.4432, 0.4673]","['Constant', 'Progression', 'Arithmetic', 'Distribute_Three']"
DINOv3,layer_12,linear,RAVEN,in_center_single_out_center_single,Type_1,0.709,"[0.8455, 0.6834, 0.5921]","['Constant', 'Progression', 'Distribute_Three']"
DINOv3,layer_12,linear,RAVEN,in_center_single_out_center_single,Type_0,0.8935,"[0.9655, 0.9576, 0.7675]","['Constant', 'Progression', 'Distribute_Three']"
DINOv3,layer_12,linear,RAVEN,in_center_single_out_center_single,Size_0,0.5345,"[0.5327, 0.0664, 0.7883]","['Constant', 'Progression', 'Distribute_Three']"
DINOv3,layer_12,linear,RAVEN,in_center_single_out_center_single,Color_1,0.487,"[0.7094, 0.6133, 0.3142, 0.2965]","['Constant', 'Progression', 'Arithmetic', 'Distribute_Three']"
DINOv3,layer_12,linear,RAVEN,in_center_single_out_center_single,Color_0,1.0,[1.0],['Constant']
DINOv3,layer_12,MLP,RAVEN,center_single,Color,0.793,"[0.8564, 0.7815, 0.8247, 0.7014]","['Constant', 'Progression', 'Arithmetic', 'Distribute_Three']"
DINOv3,layer_12,MLP,RAVEN,center_single,Type,0.9575,"[0.9777, 0.9817, 0.9136]","['Constant', 'Progression', 'Distribute_Three']"
DINOv3,layer_12,MLP,RAVEN,center_single,Size,0.67,"[0.7352, 0.6092, 0.7325, 0.6049]","['Constant', 'Progression', 'Arithmetic', 'Distribute_Three']"
DINOv3,layer_12,MLP,RAVEN,in_center_single_out_center_single,Size_1,0.414,"[0.773, 0.4578, 0.1266, 0.2846]","['Constant', 'Progression', 'Arithmetic', 'Distribute_Three']"
DINOv3,layer_12,MLP,RAVEN,in_center_single_out_center_single,Type_1,0.7385,"[0.8426, 0.6393, 0.7291]","['Constant', 'Progression', 'Distribute_Three']"
DINOv3,layer_12,MLP,RAVEN,in_center_single_out_center_single,Type_0,0.9315,"[0.9969, 0.9455, 0.8588]","['Constant', 'Progression', 'Distribute_Three']"
DINOv3,layer_12,MLP,RAVEN,in_center_single_out_center_single,Size_0,0.633,"[0.597, 0.2417, 0.8801]","['Constant', 'Progression', 'Distribute_Three']"
DINOv3,layer_12,MLP,RAVEN,in_center_single_out_center_single,Color_1,0.4965,"[0.491, 0.5676, 0.6119, 0.3108]","['Constant', 'Progression', 'Arithmetic', 'Distribute_Three']"
DINOv3,layer_12,MLP,RAVEN,in_center_single_out_center_single,Color_0,1.0,[1.0],['Constant']
DINOv3,layer_2,linear,RAVEN,center_single,Color,0.3335,"[0.1545, 0.3235, 0.5216, 0.3579]","['Constant', 'Progression', 'Arithmetic', 'Distribute_Three']"
DINOv3,layer_2,linear,RAVEN,center_single,Type,0.375,"[0.7188, 0.3607, 0.0447]","['Constant', 'Progression', 'Distribute_Three']"
DINOv3,layer_2,linear,RAVEN,center_single,Size,0.378,"[0.413, 0.3678, 0.677, 0.0535]","['Constant', 'Progression', 'Arithmetic', 'Distribute_Three']"
DINOv3,layer_2,linear,RAVEN,in_center_single_out_center_single,Size_1,0.291,"[0.002, 0.2795, 0.1965, 0.6577]","['Constant', 'Progression', 'Arithmetic', 'Distribute_Three']"
DINOv3,layer_2,linear,RAVEN,in_center_single_out_center_single,Type_1,0.346,"[0.9096, 0.1035, 0.0]","['Constant', 'Progression', 'Distribute_Three']"
DINOv3,layer_2,linear,RAVEN,in_center_single_out_center_single,Type_0,0.407,"[0.1254, 0.2799, 0.7832]","['Constant', 'Progression', 'Distribute_Three']"
DINOv3,layer_2,linear,RAVEN,in_center_single_out_center_single,Size_0,0.4015,"[0.2708, 0.0, 0.75]","['Constant', 'Progression', 'Distribute_Three']"
DINOv3,layer_2,linear,RAVEN,in_center_single_out_center_single,Color_1,0.312,"[0.002, 0.2381, 0.5893, 0.4315]","['Constant', 'Progression', 'Arithmetic', 'Distribute_Three']"
DINOv3,layer_2,linear,RAVEN,in_center_single_out_center_single,Color_0,1.0,[1.0],['Constant']
DINOv3,layer_2,MLP,RAVEN,center_single,Color,0.388,"[0.4582, 0.5378, 0.4062, 0.1452]","['Constant', 'Progression', 'Arithmetic', 'Distribute_Three']"
DINOv3,layer_2,MLP,RAVEN,center_single,Type,0.401,"[0.2455, 0.7017, 0.2623]","['Constant', 'Progression', 'Distribute_Three']"
DINOv3,layer_2,MLP,RAVEN,center_single,Size,0.4205,"[0.1087, 0.4023, 0.7325, 0.4527]","['Constant', 'Progression', 'Arithmetic', 'Distribute_Three']"
DINOv3,layer_2,MLP,RAVEN,in_center_single_out_center_single,Size_1,0.296,"[0.0, 0.1295, 0.2052, 0.825]","['Constant', 'Progression', 'Arithmetic', 'Distribute_Three']"
DINOv3,layer_2,MLP,RAVEN,in_center_single_out_center_single,Type_1,0.339,"[0.1195, 0.9072, 0.0]","['Constant', 'Progression', 'Distribute_Three']"
DINOv3,layer_2,MLP,RAVEN,in_center_single_out_center_single,Type_0,0.434,"[0.0, 0.5613, 0.709]","['Constant', 'Progression', 'Distribute_Three']"
DINOv3,layer_2,MLP,RAVEN,in_center_single_out_center_single,Size_0,0.4095,"[0.335, 0.2417, 0.5753]","['Constant', 'Progression', 'Distribute_Three']"
DINOv3,layer_2,MLP,RAVEN,in_center_single_out_center_single,Color_1,0.334,"[0.3888, 0.5524, 0.3778, 0.0]","['Constant', 'Progression', 'Arithmetic', 'Distribute_Three']"
DINOv3,layer_2,MLP,RAVEN,in_center_single_out_center_single,Color_0,1.0,[1.0],['Constant']
